{
  "accepted_pos_hash_score_distribution": {
    "3": 1,
    "4": 2
  },
  "max_sam_base_quality_score": 0,
  "observed_pos_hash_score_distribution": null,
  "read_file": {
    "SRR14773779_1": {
      "num_total_bases": 411453,
      "num_total_reads": 2858,
      "num_unmatched_bases": 17077,
      "num_unmatched_reads": 117
    },
    "SRR14773779_2": {
      "num_total_bases": 411602,
      "num_total_reads": 2858,
      "num_unmatched_bases": 21300,
      "num_unmatched_reads": 145
    }
  },
  "reference": [
    {
      "bases_mapped_to_reference": 772989.0,
      "reads_mapped_to_reference": 5361.0
    }
  ],
  "total_bases": 823055,
  "total_bases_mapped_to_references": 772989,
  "total_reads": 5716,
  "total_reads_mapped_to_references": 5361,
  "total_unmatched_bases": 38377,
  "total_unmatched_reads": 262
}