{
  "max_qual": 40,
  "num_bases": 823055,
  "num_original_bases": 823125,
  "num_original_reads": 5718,
  "num_reads": 5716,
  "read_length_avg": 143.991424560547,
  "read_length_max": 151,
  "read_length_min": 151,
  "reads": {
    "SRR14773779_1": {
      "converted_fastq_name": "SRR14773779_NC_045512.2_breseq/01_sequence_conversion/SRR14773779_1.converted.fastq",
      "max_quality_score": 40,
      "min_quality_score": 2,
      "num_bases": 411453,
      "num_filtered_coverage_limit_reads": 0,
      "num_filtered_same_base_reads": 0,
      "num_filtered_too_many_N_reads": 1,
      "num_filtered_too_short_reads": 0,
      "num_original_bases": 411488,
      "num_original_reads": 2859,
      "num_reads": 2858,
      "quality_format": "SANGER",
      "quality_format_original": "SANGER",
      "read_length_avg": 143.965360391882,
      "read_length_max": 151,
      "read_length_min": 35
    },
    "SRR14773779_2": {
      "converted_fastq_name": "SRR14773779_NC_045512.2_breseq/01_sequence_conversion/SRR14773779_2.converted.fastq",
      "max_quality_score": 40,
      "min_quality_score": 2,
      "num_bases": 411602,
      "num_filtered_coverage_limit_reads": 0,
      "num_filtered_same_base_reads": 0,
      "num_filtered_too_many_N_reads": 1,
      "num_filtered_too_short_reads": 0,
      "num_original_bases": 411637,
      "num_original_reads": 2859,
      "num_reads": 2858,
      "quality_format": "SANGER",
      "quality_format_original": "SANGER",
      "read_length_avg": 144.017494751575,
      "read_length_max": 151,
      "read_length_min": 35
    }
  },
  "total_reference_sequence_length": 29903
}